material_name,catalog_name,nd,vd,density,comment
H-FK55,CDGM-ZEMAX202509,1.5502,75.224681,4.11,
H-FK61,CDGM-ZEMAX202509,1.497,81.612838,3.7,
H-FK61B,CDGM-ZEMAX202509,1.497,81.605419,3.68,
H-FK71,CDGM-ZEMAX202509,1.4565,90.273821,3.63,
H-FK95N,CDGM-ZEMAX202509,1.4378,94.523389,3.52,
H-QK1,CDGM-ZEMAX202509,1.47047,66.876032,2.3,
H-QK3L,CDGM-ZEMAX202509,1.48749,70.440487,2.43,
H-K1,CDGM-ZEMAX202509,1.49967,62.071979,2.47,
H-K2,CDGM-ZEMAX202509,1.50047,66.020774,2.42,
H-K3,CDGM-ZEMAX202509,1.50463,64.720718,2.4,
K4A,CDGM-ZEMAX202509,1.50802,61.052897,2.43,
H-K5,CDGM-ZEMAX202509,1.510072,63.364525,2.47,
H-K6,CDGM-ZEMAX202509,1.511125,60.478905,2.53,
H-K7,CDGM-ZEMAX202509,1.51478,60.634896,2.54,
H-K8,CDGM-ZEMAX202509,1.51602,56.794825,2.58,
H-K9L,CDGM-ZEMAX202509,1.5168,64.198732,2.52,
H-K9LGT,CDGM-ZEMAX202509,1.5168,64.198732,2.52,
H-K9L*,CDGM-ZEMAX202509,1.5168,64.198732,2.52,
H-K9LA,CDGM-ZEMAX202509,1.5168,64.198695,2.51,
H-K9LAGT,CDGM-ZEMAX202509,1.5168,64.198695,2.51,
H-K10,CDGM-ZEMAX202509,1.51818,58.949331,2.5,
H-K11,CDGM-ZEMAX202509,1.52638,60.15737,2.69,
H-K12,CDGM-ZEMAX202509,1.533589,55.469983,2.72,
H-K50,CDGM-ZEMAX202509,1.52249,59.480754,2.52,
H-K51,CDGM-ZEMAX202509,1.52307,58.639792,2.53,
H-ZPK1A,CDGM-ZEMAX202509,1.618,63.392702,3.61,
H-ZPK2A,CDGM-ZEMAX202509,1.603001,65.45962,3.5,
H-ZPK3,CDGM-ZEMAX202509,1.59349,67.285372,3.36,
H-ZPK5,CDGM-ZEMAX202509,1.5928,68.342024,4.29,
H-ZPK7,CDGM-ZEMAX202509,1.56907,71.304254,4.36,
H-BAK1,CDGM-ZEMAX202509,1.53028,60.466139,2.74,
H-BAK2,CDGM-ZEMAX202509,1.53996,59.724182,2.84,
H-BAK3,CDGM-ZEMAX202509,1.54678,62.776077,2.84,
H-BAK4,CDGM-ZEMAX202509,1.55248,63.36549,2.9,
H-BAK5,CDGM-ZEMAX202509,1.56069,58.344731,3.01,
H-BAK6,CDGM-ZEMAX202509,1.56388,60.764747,3.05,
H-BAK7,CDGM-ZEMAX202509,1.56883,56.041308,2.83,
H-BAK7GT,CDGM-ZEMAX202509,1.56883,56.041308,2.83,
H-BAK8,CDGM-ZEMAX202509,1.5725,57.486797,3.18,
H-ZK1,CDGM-ZEMAX202509,1.56888,62.95699,3.06,
H-ZK2,CDGM-ZEMAX202509,1.58313,59.460082,3.24,
H-ZK3,CDGM-ZEMAX202509,1.58913,61.253571,3.26,
H-ZK3A,CDGM-ZEMAX202509,1.58913,61.2531,3.31,
H-ZK4,CDGM-ZEMAX202509,1.60881,58.855991,3.53,
H-ZK5,CDGM-ZEMAX202509,1.61117,55.772437,3.58,
H-ZK6,CDGM-ZEMAX202509,1.61272,58.577083,3.54,
H-ZK7A,CDGM-ZEMAX202509,1.61309,60.355862,3.41,
H-ZK8,CDGM-ZEMAX202509,1.61405,55.116283,3.58,
H-ZK9B,CDGM-ZEMAX202509,1.62041,60.339343,3.58,
H-ZK9A,CDGM-ZEMAX202509,1.620412,60.368242,3.53,
H-ZK10,CDGM-ZEMAX202509,1.6221,56.709831,3.63,
H-ZK10L,CDGM-ZEMAX202509,1.6228,56.913492,3.63,
H-ZK11,CDGM-ZEMAX202509,1.63854,55.446553,3.69,
H-ZK14,CDGM-ZEMAX202509,1.60311,60.603787,3.44,
H-ZK20,CDGM-ZEMAX202509,1.6172,53.913743,3.66,
H-ZK21,CDGM-ZEMAX202509,1.62299,58.120667,3.56,
H-ZK50,CDGM-ZEMAX202509,1.60738,56.654511,3.54,
H-ZK50GT,CDGM-ZEMAX202509,1.60738,56.654511,3.54,
H-LAK1,CDGM-ZEMAX202509,1.6595,57.34726,3.94,
H-LAK2A,CDGM-ZEMAX202509,1.69211,54.539198,3.94,
H-LAK3,CDGM-ZEMAX202509,1.74693,50.950085,4.08,
H-LAK4L,CDGM-ZEMAX202509,1.64,60.202769,2.99,
H-LAK5A,CDGM-ZEMAX202509,1.6779,55.51497,3.8,
H-LAK6A,CDGM-ZEMAX202509,1.6935,53.380441,3.59,
H-LAK7A,CDGM-ZEMAX202509,1.713,53.832974,3.74,
H-LAK8B,CDGM-ZEMAX202509,1.72,50.280736,3.88,
H-LAK8A,CDGM-ZEMAX202509,1.72,50.343857,3.77,
H-LAK10,CDGM-ZEMAX202509,1.65113,55.890872,3.73,
H-LAK11,CDGM-ZEMAX202509,1.66461,54.612239,4.02,
H-LAK12,CDGM-ZEMAX202509,1.6968,56.175305,3.71,
H-LAK50A,CDGM-ZEMAX202509,1.6516,58.403057,3.5,
H-LAK51A,CDGM-ZEMAX202509,1.6968,55.526357,3.56,
H-LAK52,CDGM-ZEMAX202509,1.72916,54.684737,4.02,
H-LAK53B,CDGM-ZEMAX202509,1.755,52.322058,4.22,
H-LAK53A,CDGM-ZEMAX202509,1.755,52.320574,4.39,
H-LAK54,CDGM-ZEMAX202509,1.734,51.485829,4.01,
H-LAK59A,CDGM-ZEMAX202509,1.691,54.815309,3.94,
H-LAK61,CDGM-ZEMAX202509,1.740999,52.676196,4.1,
H-LAK67,CDGM-ZEMAX202509,1.67,51.738482,3.73,
H-LAK71,CDGM-ZEMAX202509,1.703,52.406734,3.75,
H-LAK72,CDGM-ZEMAX202509,1.713,51.80665,4.34,
H-TK9,CDGM-ZEMAX202509,1.587166,75.902131,4.37,
H-KF6,CDGM-ZEMAX202509,1.51742,52.149249,2.47,
H-QF1,CDGM-ZEMAX202509,1.54814,45.820011,2.58,
H-QF3,CDGM-ZEMAX202509,1.57501,41.504715,2.6,
H-QF6A,CDGM-ZEMAX202509,1.53172,48.839833,2.52,
H-QF8,CDGM-ZEMAX202509,1.54072,47.230007,2.54,
H-QF14,CDGM-ZEMAX202509,1.59551,39.222748,2.62,
H-QF50,CDGM-ZEMAX202509,1.58144,40.888972,2.6,
H-QF50A,CDGM-ZEMAX202509,1.58144,40.746424,2.61,
QF50,CDGM-ZEMAX202509,1.58144,40.885954,3.23,
H-QF56,CDGM-ZEMAX202509,1.56732,42.810117,2.62,
H-F1,CDGM-ZEMAX202509,1.60342,38.010877,2.63,
H-F2,CDGM-ZEMAX202509,1.61293,37.004441,2.65,
H-F3,CDGM-ZEMAX202509,1.61659,36.651688,2.68,
H-F4,CDGM-ZEMAX202509,1.62005,36.345886,2.67,
H-F5,CDGM-ZEMAX202509,1.62435,35.923444,2.69,
H-F6,CDGM-ZEMAX202509,1.62495,35.585173,2.69,
H-F13,CDGM-ZEMAX202509,1.62588,35.698971,2.69,
H-F51,CDGM-ZEMAX202509,1.6398,34.46457,2.76,
H-F52,CDGM-ZEMAX202509,1.61385,34.604703,2.74,
H-BAF2,CDGM-ZEMAX202509,1.5697,49.452646,2.82,
H-BAF3,CDGM-ZEMAX202509,1.57957,53.711637,3.14,
H-BAF4,CDGM-ZEMAX202509,1.58267,46.597786,2.91,
H-BAF5,CDGM-ZEMAX202509,1.60562,43.875621,2.97,
H-BAF6,CDGM-ZEMAX202509,1.60801,46.202418,3.11,
H-BAF7,CDGM-ZEMAX202509,1.61413,39.985319,2.88,
H-BAF8,CDGM-ZEMAX202509,1.62604,39.071631,2.96,
H-ZBAF1,CDGM-ZEMAX202509,1.6223,53.170869,3.57,
H-ZBAF3,CDGM-ZEMAX202509,1.65691,51.12138,3.77,
H-ZBAF4,CDGM-ZEMAX202509,1.66426,35.484251,3.11,
H-ZBAF5,CDGM-ZEMAX202509,1.67103,47.288963,3.58,
H-ZBAF16,CDGM-ZEMAX202509,1.66672,48.421731,3.59,
H-ZBAF20,CDGM-ZEMAX202509,1.70154,41.148468,3.64,
H-ZBAF21,CDGM-ZEMAX202509,1.72341,37.991564,3.62,
H-ZBAF50,CDGM-ZEMAX202509,1.65844,50.852265,3.77,
H-ZBAF52,CDGM-ZEMAX202509,1.67003,47.19506,3.57,
H-ZF1,CDGM-ZEMAX202509,1.64769,33.840317,2.73,
H-ZF1A,CDGM-ZEMAX202509,1.64769,33.887993,2.79,
H-ZF2,CDGM-ZEMAX202509,1.6727,32.171186,2.9,
H-ZF3,CDGM-ZEMAX202509,1.71736,29.49911,3.06,
H-ZF4A,CDGM-ZEMAX202509,1.72825,28.318797,3.05,
H-ZF4AGT,CDGM-ZEMAX202509,1.72825,28.318797,3.05,
H-ZF5,CDGM-ZEMAX202509,1.74,28.295649,3.16,
H-ZF6,CDGM-ZEMAX202509,1.7552,27.530047,3.24,
ZF6,CDGM-ZEMAX202509,1.755205,27.546239,4.78,
H-ZF7LA,CDGM-ZEMAX202509,1.80518,25.456256,3.35,
H-ZF7LAGT,CDGM-ZEMAX202509,1.80518,25.456256,3.35,
ZF7,CDGM-ZEMAX202509,1.806277,25.380144,5.19,
ZF7L,CDGM-ZEMAX202509,1.80519,25.471232,5.19,
ZF7LGT,CDGM-ZEMAX202509,1.80519,25.471232,5.19,
ZF7LTT,CDGM-ZEMAX202509,1.80519,25.471232,5.19,
H-ZF10,CDGM-ZEMAX202509,1.68893,31.16057,2.92,
H-ZF11,CDGM-ZEMAX202509,1.69894,30.05045,2.95,
H-ZF12,CDGM-ZEMAX202509,1.76182,26.607986,3.17,
H-ZF13,CDGM-ZEMAX202509,1.78472,25.720045,3.25,
H-ZF13GT,CDGM-ZEMAX202509,1.78472,25.720045,3.25,
H-ZF39,CDGM-ZEMAX202509,1.6668,33.053728,2.92,
H-ZF50,CDGM-ZEMAX202509,1.74077,27.760063,3.1,
H-ZF52,CDGM-ZEMAX202509,1.84666,23.784497,3.51,
H-ZF52GT,CDGM-ZEMAX202509,1.84666,23.784497,3.51,
H-ZF52TT,CDGM-ZEMAX202509,1.84666,23.784497,3.51,
H-ZF62,CDGM-ZEMAX202509,1.92286,20.879915,4.01,
H-ZF62GT,CDGM-ZEMAX202509,1.92286,20.879915,4.01,
H-ZF71,CDGM-ZEMAX202509,1.8081,22.698087,3.3,
H-ZF71GT,CDGM-ZEMAX202509,1.8081,22.698087,3.3,
H-ZF72A,CDGM-ZEMAX202509,1.92286,18.895887,3.57,
H-ZF72AGT,CDGM-ZEMAX202509,1.92286,18.895887,3.57,
H-ZF73,CDGM-ZEMAX202509,1.95906,17.472434,3.49,
H-ZF73GT,CDGM-ZEMAX202509,1.95906,17.472434,3.49,
H-ZF88,CDGM-ZEMAX202509,1.94595,17.941964,3.52,
H-ZF88GT,CDGM-ZEMAX202509,1.94595,17.941964,3.52,
H-LAF1,CDGM-ZEMAX202509,1.69362,49.193837,3.85,
H-LAF2,CDGM-ZEMAX202509,1.717,47.888609,4.25,
H-LAF3B,CDGM-ZEMAX202509,1.744,44.900027,4.39,
H-LAF4,CDGM-ZEMAX202509,1.7495,34.989266,3.92,
H-LAF4GT,CDGM-ZEMAX202509,1.7495,34.989266,3.92,
H-LAFL5,CDGM-ZEMAX202509,1.75367,37.491665,3.71,
H-LAF6LA,CDGM-ZEMAX202509,1.757,47.711817,4.06,
H-LAF7,CDGM-ZEMAX202509,1.78179,37.092107,3.77,
H-LAF10LA,CDGM-ZEMAX202509,1.788,47.491731,4.3,
H-LAF50B,CDGM-ZEMAX202509,1.7725,49.598996,4.24,
H-LAF51,CDGM-ZEMAX202509,1.7,48.079839,3.82,
H-LAF52,CDGM-ZEMAX202509,1.7859,44.187159,4.39,
H-LAF53,CDGM-ZEMAX202509,1.7433,49.221808,4.16,
H-LAF54,CDGM-ZEMAX202509,1.799519,42.253294,4.51,
H-LAF55,CDGM-ZEMAX202509,1.762,40.105472,4.3,
H-LAF62,CDGM-ZEMAX202509,1.72,43.680739,3.89,
H-ZLAF1,CDGM-ZEMAX202509,1.80166,44.263459,4.3,
H-ZLAF2A,CDGM-ZEMAX202509,1.80279,46.761307,4.65,
H-ZLAF3,CDGM-ZEMAX202509,1.855449,36.59805,4.5,
H-ZLAF4LA,CDGM-ZEMAX202509,1.91082,35.25034,5.07,
H-ZLAF4LB,CDGM-ZEMAX202509,1.91082,35.282389,4.84,
H-ZLAF50E,CDGM-ZEMAX202509,1.804,46.574487,4.44,
H-ZLAF50D,CDGM-ZEMAX202509,1.804,46.575016,4.52,
H-ZLAF51,CDGM-ZEMAX202509,1.8045,39.635248,4.41,
H-ZLAF52A,CDGM-ZEMAX202509,1.8061,41.016887,4.48,
H-ZLAF52,CDGM-ZEMAX202509,1.806099,40.945389,4.45,
H-ZLAF53B,CDGM-ZEMAX202509,1.834,37.210555,4.54,
H-ZLAF53BGT,CDGM-ZEMAX202509,1.834,37.210555,4.54,
H-ZLAF55D,CDGM-ZEMAX202509,1.83481,42.725177,4.56,
H-ZLAF55C,CDGM-ZEMAX202509,1.83481,42.711575,4.73,
H-ZLAF56B,CDGM-ZEMAX202509,1.8061,33.268324,3.79,
H-ZLAF66,CDGM-ZEMAX202509,1.801,34.966919,3.89,
H-ZLAF66GT,CDGM-ZEMAX202509,1.801,34.966919,3.89,
H-ZLAF68C,CDGM-ZEMAX202509,1.883,40.847465,5.34,
H-ZLAF68N,CDGM-ZEMAX202509,1.883,39.2182,5.17,
H-ZLAF68NB,CDGM-ZEMAX202509,1.883,39.235474,4.93,
H-ZLAF69,CDGM-ZEMAX202509,1.816,46.5493,5.01,
H-ZLAF69A,CDGM-ZEMAX202509,1.816,46.556066,5.06,
H-ZLAF71,CDGM-ZEMAX202509,1.85026,32.297288,4.22,
H-ZLAF71AGT,CDGM-ZEMAX202509,1.85026,32.216801,4.42,
H-ZLAF73,CDGM-ZEMAX202509,1.881,40.161331,5.2,
H-ZLAF75A,CDGM-ZEMAX202509,1.90366,31.31497,4.56,
H-ZLAF75B,CDGM-ZEMAX202509,1.90366,31.418411,4.56,
H-ZLAF75C,CDGM-ZEMAX202509,1.90366,31.357126,4.54,
H-ZLAF76,CDGM-ZEMAX202509,1.85013,30.055517,3.98,
H-ZLAF76A,CDGM-ZEMAX202509,1.85013,30.012319,4.31,
H-ZLAF78B,CDGM-ZEMAX202509,1.90069,37.050531,4.95,
H-ZLAF89L,CDGM-ZEMAX202509,1.95375,32.30879,5.1,
H-ZLAF89LA,CDGM-ZEMAX202509,1.95375,32.276235,4.93,
H-ZLAF90,CDGM-ZEMAX202509,2.00069,25.425752,4.74,
H-ZLAF90A,CDGM-ZEMAX202509,2.00069,25.458056,4.73,
H-ZLAF91,CDGM-ZEMAX202509,2.001,29.151347,5.14,
H-ZLAF92,CDGM-ZEMAX202509,2.0033,28.316305,5.02,
H-ZLAF92A,CDGM-ZEMAX202509,2.0033,28.275906,4.91,
H-ZLAF96,CDGM-ZEMAX202509,2.0509,26.985858,5.29,
H-TF3L,CDGM-ZEMAX202509,1.6134,44.107022,2.8,
H-TF5,CDGM-ZEMAX202509,1.6541,39.539424,3.01,
H-TF29,CDGM-ZEMAX202509,1.77047,29.806014,3.31,
D-FK61,CDGM-ZEMAX202509,1.497,81.611615,3.9,anneal rate:4℃/h
D-FK61-25,CDGM-ZEMAX202509,1.49653,81.531772,3.9,anneal rate:25℃/h
D-FK61A,CDGM-ZEMAX202509,1.497,81.605419,3.68,anneal rate:4℃/h
D-FK61A-25,CDGM-ZEMAX202509,1.49665,81.549116,3.68,anneal rate:25℃/h
D-FK95,CDGM-ZEMAX202509,1.4378,94.523389,3.52,anneal rate:4℃/h
D-FK95-25,CDGM-ZEMAX202509,1.43744,94.438841,3.52,anneal rate:25℃/h
D-QK3L,CDGM-ZEMAX202509,1.48749,70.440487,2.43,anneal rate:4℃/h
D-QK3L-25,CDGM-ZEMAX202509,1.48687,70.417086,2.43,anneal rate:25℃/h
D-K9,CDGM-ZEMAX202509,1.51633,64.058952,2.41,anneal rate:4℃/h
D-K9-25,CDGM-ZEMAX202509,1.51577,63.989637,2.41,anneal rate:25℃/h
D-K9GT,CDGM-ZEMAX202509,1.51633,64.058952,2.41,anneal rate:4℃/h
D-K9GT-25,CDGM-ZEMAX202509,1.51577,63.989637,2.41,anneal rate:25℃/h
D-K59,CDGM-ZEMAX202509,1.5176,63.499991,2.41,anneal rate:4℃/h
D-K59-25,CDGM-ZEMAX202509,1.51698,63.4085,2.41,anneal rate:25℃/h
D-PK3,CDGM-ZEMAX202509,1.525,70.370578,2.65,anneal rate:4℃/h
D-PK3-25,CDGM-ZEMAX202509,1.52368,70.274839,2.65,anneal rate:25℃/h
D-ZPK1A,CDGM-ZEMAX202509,1.62087,63.828532,3.69,anneal rate:4℃/h
D-ZPK1A-25,CDGM-ZEMAX202509,1.61999,63.763831,3.69,anneal rate:25℃/h
D-ZPK3,CDGM-ZEMAX202509,1.59419,67.295385,3.37,anneal rate:4℃/h
D-ZPK3-25,CDGM-ZEMAX202509,1.59327,67.22642,3.37,anneal rate:25℃/h
D-ZPK5,CDGM-ZEMAX202509,1.5928,68.342024,4.29,anneal rate:4℃/h
D-ZPK5-25,CDGM-ZEMAX202509,1.59216,68.281511,4.29,anneal rate:25℃/h
D-ZPK7,CDGM-ZEMAX202509,1.56907,71.304254,4.36,anneal rate:4℃/h
D-ZPK7-25,CDGM-ZEMAX202509,1.56854,71.235367,4.36,anneal rate:25℃/h
D-ZK2,CDGM-ZEMAX202509,1.58313,59.381686,2.96,anneal rate:4℃/h
D-ZK2-25,CDGM-ZEMAX202509,1.58241,59.308255,2.96,anneal rate:25℃/h
D-ZK2A,CDGM-ZEMAX202509,1.58313,59.539751,3.09,anneal rate:4℃/h
D-ZK2A-25,CDGM-ZEMAX202509,1.58229,59.453631,3.09,anneal rate:25℃/h
D-ZK2L,CDGM-ZEMAX202509,1.587,59.600321,2.99,anneal rate:4℃/h
D-ZK2L-25,CDGM-ZEMAX202509,1.58625,59.524868,2.99,anneal rate:25℃/h
D-ZK3,CDGM-ZEMAX202509,1.58913,61.152901,2.83,anneal rate:4℃/h
D-ZK3-25,CDGM-ZEMAX202509,1.58833,61.284362,2.83,anneal rate:25℃/h
D-ZK3A,CDGM-ZEMAX202509,1.58913,61.101573,3.01,anneal rate:4℃/h
D-ZK3A-25,CDGM-ZEMAX202509,1.58828,61.012484,3.01,anneal rate:25℃/h
D-ZK3L,CDGM-ZEMAX202509,1.5917,60.701147,2.84,anneal rate:4℃/h
D-ZK3L-25,CDGM-ZEMAX202509,1.5909,60.618517,2.84,anneal rate:25℃/h
D-ZK21,CDGM-ZEMAX202509,1.62446,58.207924,2.99,anneal rate:4℃/h
D-ZK21-25,CDGM-ZEMAX202509,1.62346,58.115078,2.99,anneal rate:25℃/h
D-ZK79,CDGM-ZEMAX202509,1.60886,57.895896,3.19,anneal rate:4℃/h
D-ZK79-25,CDGM-ZEMAX202509,1.60809,57.820851,3.19,anneal rate:25℃/h
D-LAK5,CDGM-ZEMAX202509,1.6779,54.889665,3.37,anneal rate:4℃/h
D-LAK5-25,CDGM-ZEMAX202509,1.67686,54.805426,3.37,anneal rate:25℃/h
D-LAK6,CDGM-ZEMAX202509,1.69384,53.128245,3.5,anneal rate:4℃/h
D-LAK6-25,CDGM-ZEMAX202509,1.69281,53.049215,3.5,anneal rate:25℃/h
D-LAK52,CDGM-ZEMAX202509,1.7305,53.944268,4.0,anneal rate:4℃/h
D-LAK52-25,CDGM-ZEMAX202509,1.72924,53.851219,4.0,anneal rate:25℃/h
D-LAK70,CDGM-ZEMAX202509,1.6691,55.389689,3.35,anneal rate:4℃/h
D-LAK70-25,CDGM-ZEMAX202509,1.668,55.295752,3.35,anneal rate:25℃/h
D-ZF10,CDGM-ZEMAX202509,1.68893,31.077677,2.84,anneal rate:4℃/h
D-ZF10-25,CDGM-ZEMAX202509,1.68731,31.183804,2.84,anneal rate:25℃/h
D-ZF93,CDGM-ZEMAX202509,2.0017,20.700195,6.11,anneal rate:4℃/h
D-ZF93-25,CDGM-ZEMAX202509,1.9998,20.686444,6.11,anneal rate:25℃/h
D-LAF50,CDGM-ZEMAX202509,1.774,49.590362,4.93,anneal rate:4℃/h
D-LAF50-25,CDGM-ZEMAX202509,1.77288,49.519338,4.93,anneal rate:25℃/h
D-LAF050,CDGM-ZEMAX202509,1.76842,49.28216,4.51,anneal rate:4℃/h
D-LAF050-25,CDGM-ZEMAX202509,1.76709,49.197491,4.51,anneal rate:25℃/h
D-LAF53,CDGM-ZEMAX202509,1.7433,49.325949,4.26,anneal rate:4℃/h
D-LAF53-25,CDGM-ZEMAX202509,1.7421,49.246024,4.26,anneal rate:25℃/h
D-LAF79,CDGM-ZEMAX202509,1.73077,40.508021,3.21,anneal rate:4℃/h
D-LAF79-25,CDGM-ZEMAX202509,1.72986,40.497566,3.21,anneal rate:25℃/h
D-ZLAF50,CDGM-ZEMAX202509,1.80337,45.491557,4.89,anneal rate:4℃/h
D-ZLAF50-25,CDGM-ZEMAX202509,1.80225,45.452746,4.89,anneal rate:25℃/h
D-ZLAF52LA,CDGM-ZEMAX202509,1.81,40.992863,4.56,anneal rate:4℃/h
D-ZLAF52LA-25,CDGM-ZEMAX202509,1.80882,40.970313,4.56,anneal rate:25℃/h
D-ZLAF61,CDGM-ZEMAX202509,1.82241,42.714541,4.92,anneal rate:4℃/h
D-ZLAF61-25,CDGM-ZEMAX202509,1.82131,42.674895,4.92,anneal rate:25℃/h
D-ZLAF67,CDGM-ZEMAX202509,1.88385,37.198899,5.5,anneal rate:4℃/h
D-ZLAF67-25,CDGM-ZEMAX202509,1.88259,37.185491,5.5,anneal rate:25℃/h
D-ZLAF81,CDGM-ZEMAX202509,1.8088,40.999441,4.55,anneal rate:4℃/h
D-ZLAF81-25,CDGM-ZEMAX202509,1.80757,40.97334,4.55,anneal rate:25℃/h
D-ZLAF85A,CDGM-ZEMAX202509,1.85222,40.10819,5.22,anneal rate:4℃/h
D-ZLAF85A-25,CDGM-ZEMAX202509,1.8511,40.055609,5.22,anneal rate:25℃/h
D-ZLAF85LN,CDGM-ZEMAX202509,1.84558,40.094322,4.96,anneal rate:4℃/h
D-ZLAF85LN-25,CDGM-ZEMAX202509,1.84443,40.067973,4.96,anneal rate:25℃/h
D-ZLAF85L,CDGM-ZEMAX202509,1.8537,40.579411,5.28,anneal rate:4℃/h
D-ZLAF85L-25,CDGM-ZEMAX202509,1.8526,40.534071,5.28,anneal rate:25℃/h
D-ZLAF85LS,CDGM-ZEMAX202509,1.8545,40.593546,5.29,anneal rate:4℃/h
D-ZLAF85LS-25,CDGM-ZEMAX202509,1.85344,40.557917,5.29,anneal rate:25℃/h
H-FK61GTI,CDGM-ZEMAX202509,1.497,81.612838,3.7,i line glass
H-QK3LGTI,CDGM-ZEMAX202509,1.48749,70.440487,2.43,i line glass
H-QK30GTI,CDGM-ZEMAX202509,1.48217,70.299764,2.45,i line glass
H-K90GTI,CDGM-ZEMAX202509,1.51948,63.291634,2.52,i line glass
QF50GTI,CDGM-ZEMAX202509,1.58144,40.885954,3.23,i line glass
QF70GFI,CDGM-ZEMAX202509,1.547,48.161896,2.39,
F4GTI,CDGM-ZEMAX202509,1.62005,36.430327,3.57,i line glass
HWS1,CDGM-ZEMAX202509,1.0,0.0,4.68,Infrared optical glass
HWS2,CDGM-ZEMAX202509,1.0,0.0,4.71,Infrared optical glass
HWS3,CDGM-ZEMAX202509,1.0,0.0,4.42,Infrared optical glass
HWS4,CDGM-ZEMAX202509,1.0,0.0,4.41,Infrared optical glass
HWS5,CDGM-ZEMAX202509,1.0,0.0,4.47,Infrared optical glass
HWS6,CDGM-ZEMAX202509,1.0,0.0,4.63,Infrared optical glass
HWS7,CDGM-ZEMAX202509,1.0,0.0,4.84,Infrared optical glass
HWS9,CDGM-ZEMAX202509,1.0,0.0,5.4,Infrared optical glass
HWS27,CDGM-ZEMAX202509,1.0,0.0,3.2,Infrared optical glass
H-FK71A,CDGM-ZEMAX202509,1.456498,90.470884,3.64,
H-BAK7A,CDGM-ZEMAX202509,1.568828,56.127804,2.84,
H-ZK7,CDGM-ZEMAX202509,1.613095,60.614383,3.51,
QF1,CDGM-ZEMAX202509,1.5481,45.886233,2.94,
QF3,CDGM-ZEMAX202509,1.575026,41.29692,3.18,
QF5,CDGM-ZEMAX202509,1.582153,42.039634,3.22,
QF6,CDGM-ZEMAX202509,1.531719,48.755584,2.78,
QF8,CDGM-ZEMAX202509,1.540718,47.198243,2.86,
F1,CDGM-ZEMAX202509,1.603417,38.01487,3.43,
F2,CDGM-ZEMAX202509,1.612929,36.986002,3.5,
F3,CDGM-ZEMAX202509,1.616592,36.627394,3.57,
F4,CDGM-ZEMAX202509,1.620047,36.35673,3.57,
F5,CDGM-ZEMAX202509,1.624353,35.938411,3.64,
F6,CDGM-ZEMAX202509,1.624954,35.577816,3.6,
F7,CDGM-ZEMAX202509,1.636365,35.386204,3.73,
F13,CDGM-ZEMAX202509,1.625884,35.713679,3.63,
BAF2,CDGM-ZEMAX202509,1.569703,49.435926,3.14,
BAF4,CDGM-ZEMAX202509,1.582712,46.505886,3.28,
BAF5,CDGM-ZEMAX202509,1.605623,43.890292,3.5,
BAF7,CDGM-ZEMAX202509,1.614131,40.025731,3.56,
ZBAF2,CDGM-ZEMAX202509,1.639616,48.230454,3.83,
ZBAF17,CDGM-ZEMAX202509,1.667554,41.957211,3.8,
ZBAF51,CDGM-ZEMAX202509,1.682726,44.528543,4.14,
ZF1,CDGM-ZEMAX202509,1.647693,33.836872,3.84,
ZF2,CDGM-ZEMAX202509,1.672707,32.180986,4.08,
ZF3,CDGM-ZEMAX202509,1.717365,29.510385,4.46,
ZF4,CDGM-ZEMAX202509,1.728251,28.3239,4.51,
ZF5,CDGM-ZEMAX202509,1.739999,28.245048,4.65,
ZF8,CDGM-ZEMAX202509,1.65446,33.651201,3.91,
ZF10,CDGM-ZEMAX202509,1.688934,31.184753,4.21,
ZF11,CDGM-ZEMAX202509,1.698949,30.065686,4.06,
ZF12,CDGM-ZEMAX202509,1.761822,26.555686,4.64,
ZF13,CDGM-ZEMAX202509,1.784724,25.754051,4.87,
ZF50,CDGM-ZEMAX202509,1.74077,27.76788,4.46,
ZF51,CDGM-ZEMAX202509,1.784701,26.075871,4.99,
H-ZF52A,CDGM-ZEMAX202509,1.84667,23.791236,3.52,
ZF52,CDGM-ZEMAX202509,1.846669,23.827549,5.49,
H-ZLAF68B,CDGM-ZEMAX202509,1.883004,40.806875,5.53,
TF3,CDGM-ZEMAX202509,1.612423,44.093486,3.25,
H-TF8,CDGM-ZEMAX202509,1.72046,34.757746,3.51,
FC5,HOYA20260126,1.48749,70.44,2.45,General glass Type
FCD1,HOYA20260126,1.497,81.61,3.7,Recommended glass type
FCD1B,HOYA20260126,1.4971,81.56,3.64,General glass Type
FCD10A,HOYA20260126,1.4586,90.19,3.63,Recommended glass type
FCD100,HOYA20260126,1.437,95.1,3.53,Recommended glass type
FCD500,HOYA20260126,1.55397,71.76,3.66,Recommended glass type
FCD515,HOYA20260126,1.59282,68.62,4.13,Recommended glass type
FCD600,HOYA20260126,1.5941,60.47,4.09,Recommended glass type
FCD615,HOYA20260126,1.57144,71.61,4.11,Recommended glass type
FCD705,HOYA20260126,1.55032,75.5,4.09,Recommended glass type
FCD915,HOYA20260126,1.48071,85.29,3.68,Recommended glass type
FAD61,HOYA20260126,1.65494,61.04,4.68,Recommended glass type
PCD4,HOYA20260126,1.618,63.4,3.52,Recommended glass type
PCD40,HOYA20260126,1.61997,63.88,3.57,Recommended glass type
PCD51,HOYA20260126,1.59349,67.0,3.14,Recommended glass type
BSC7,HOYA20260126,1.5168,64.2,2.52,General glass Type
E-C3,HOYA20260126,1.51823,58.96,2.53,General glass Type
BAC4,HOYA20260126,1.56883,56.04,2.85,General glass Type
BACD5,HOYA20260126,1.58913,61.25,3.27,General glass Type
BACD14,HOYA20260126,1.60311,60.7,3.43,Not in a position to accept new order because of discontinuation.
BACD15,HOYA20260126,1.62299,58.12,3.55,Not in a position to accept new order because of discontinuation.
BACD16,HOYA20260126,1.62041,60.35,3.52,General glass Type
BACD18,HOYA20260126,1.63854,55.45,3.66,Not in a position to accept new order because of discontinuation.
BACED5,HOYA20260126,1.65844,50.86,3.64,General glass Type
LAC8,HOYA20260126,1.713,53.94,3.81,Recommended glass type
LAC14,HOYA20260126,1.6968,55.46,3.67,Recommended glass type
TAC6L,HOYA20260126,1.755,52.32,4.19,Recommended glass type.
TAC6,HOYA20260126,1.755,52.32,4.27,General glass Type.
TAC8P,HOYA20260126,1.72916,54.54,4.05,Recommended glass type
TAC8,HOYA20260126,1.72916,54.67,4.05,General glass type
E-CF6,HOYA20260126,1.51742,52.15,2.43,General glass Type
E-FEL1,HOYA20260126,1.54814,45.82,2.54,General glass Type
E-FEL2,HOYA20260126,1.54072,47.2,2.53,General glass Type
E-FL5,HOYA20260126,1.58144,40.89,2.59,General glass Type
E-FL6,HOYA20260126,1.56732,42.84,2.53,General glass Type
E-F2,HOYA20260126,1.62004,36.3,2.67,General glass Type
E-F5,HOYA20260126,1.60342,38.01,2.63,General glass Type
E-FD1L,HOYA20260126,1.71736,29.5,3.05,Recommended glass Type
E-FD1,HOYA20260126,1.71736,29.5,3.08,Not in a position to accept new order because of discontinuation.
E-FD2,HOYA20260126,1.64769,33.84,2.77,General glass Type
E-FD4L,HOYA20260126,1.7552,27.53,3.17,Recommended glass Type
E-FD4,HOYA20260126,1.7552,27.53,3.23,Not in a position to accept new order because of discontinuation.
E-FD5,HOYA20260126,1.6727,32.17,2.9,General glass Type
E-FD8,HOYA20260126,1.68893,31.16,2.97,General glass Type
E-FD80,HOYA20260126,1.6896,31.14,3.26,Recommended glass type.
E-FD10L,HOYA20260126,1.72825,28.32,3.01,Recommended glass Type
E-FD10,HOYA20260126,1.72825,28.32,3.07,Not in a position to accept new order because of discontinuation.
E-FD13,HOYA20260126,1.74077,27.76,3.11,General glass Type
E-FD15L,HOYA20260126,1.69895,30.05,2.94,General glass Type
E-FD15,HOYA20260126,1.69895,30.05,2.95,Not in a position to accept new order because of discontinuation.
FD60-W,HOYA20260126,1.80518,25.46,3.36,Recommended glass type
FD60,HOYA20260126,1.80518,25.46,3.36,General glass Type
FD110,HOYA20260126,1.78472,25.72,3.22,General glass Type
FD140,HOYA20260126,1.76182,26.61,3.14,General glass Type
FD225,HOYA20260126,1.80809,22.76,3.32,Recommended glass type
FD270,HOYA20260126,1.6843,26.81,2.94,Recommended glass type
FD300,HOYA20260126,1.62423,30.05,2.75,Recommended glass type
E-FDS1-W,HOYA20260126,1.92286,20.88,3.94,Recommended glass type
E-FDS1,HOYA20260126,1.92286,20.88,3.94,General glass Type
E-FDS2,HOYA20260126,2.00272,19.32,5.08,Recommended glass type
E-FDS3-W,HOYA20260126,2.1042,17.02,5.63,Recommended glass type
E-FDS3,HOYA20260126,2.1042,17.02,5.63,Recommended glass type
FDS16-W,HOYA20260126,1.98612,16.48,3.54,Recommended glass type
FDS165-W,HOYA20260126,1.98611,17.25,3.62,Recommended glass type
FDS18-W,HOYA20260126,1.94595,17.98,3.51,Recommended glass type
FDS18,HOYA20260126,1.94595,17.98,3.51,General glass Type
FDS20-W,HOYA20260126,1.86966,20.02,3.37,Recommended glass type
FDS24-W,HOYA20260126,1.92119,23.96,3.84,Recommended glass type
FDS24-SW,HOYA20260126,1.92119,23.96,3.84,Recommended glass type for AR/MR
FDS24,HOYA20260126,1.92119,23.96,3.84,General glass Type
FDS90-SGP,HOYA20260126,1.84666,23.84,3.5,Recommended glass type
FDS90-SG,HOYA20260126,1.84666,23.78,3.5,General glass type
FDS90,HOYA20260126,1.84666,23.78,3.5,Not in a position to accept new order because of discontinuation.
FF5,HOYA20260126,1.5927,35.45,2.64,General glass Type
FF8,HOYA20260126,1.75211,25.05,3.14,Recommended glass type
BAFD7,HOYA20260126,1.70154,41.15,3.65,General glass Type
BAFD8,HOYA20260126,1.72342,37.99,3.62,General glass Type
LAF2,HOYA20260126,1.744,44.9,4.39,General glass Type
LAF3,HOYA20260126,1.717,47.98,4.2,General glass Type
LAF45,HOYA20260126,1.61396,44.29,2.91,Recommended glass type
LAF50,HOYA20260126,1.60199,50.21,2.93,Recommended glass type
NBF1,HOYA20260126,1.7433,49.22,4.17,General glass Type
NBFD3,HOYA20260126,1.8045,39.64,4.39,Not in a position to accept new order because of discontinuation.
NBFD10,HOYA20260126,1.834,37.34,4.57,Recommended glass type
NBFD11,HOYA20260126,1.7859,43.94,4.43,General glass Type
NBFD13,HOYA20260126,1.8061,40.73,4.38,Recommended glass type
NBFD15-W,HOYA20260126,1.8061,33.27,3.47,Recommended glass type
NBFD15,HOYA20260126,1.8061,33.27,3.47,General glass Type
NBFD25,HOYA20260126,1.85451,25.15,3.48,Recommended glass type
NBFD26,HOYA20260126,1.83401,25.97,3.43,Recommended glass type
NBFD265,HOYA20260126,1.95203,26.2,4.24,Recommended glass type
NBFD27,HOYA20260126,1.9011,27.06,3.83,Recommended glass type
NBFD29,HOYA20260126,1.77047,29.74,3.34,Recommended glass type
NBFD30,HOYA20260126,1.85883,30.0,3.75,Recommended glass type
NBFD32,HOYA20260126,1.73037,32.23,3.18,Recommended glass type
NBFD38,HOYA20260126,1.65253,39.48,2.96,Recommended glass type
TAF1,HOYA20260126,1.7725,49.63,4.28,Recommended glass type
TAF3D,HOYA20260126,1.8042,46.5,4.4,Recommended glass type
TAF3,HOYA20260126,1.8042,46.5,4.65,Not in a position to accept new order because of discontinuation.
TAF48,HOYA20260126,1.79091,48.09,4.39,Recommended glass type
TAFD5G,HOYA20260126,1.83481,42.72,4.57,Recommended glass type
TAFD5F,HOYA20260126,1.83481,42.72,4.72,Not in a position to accept new order because of discontinuation.
TAFD25L,HOYA20260126,1.90366,31.32,4.4,Recommended glass type
TAFD25,HOYA20260126,1.90366,31.32,4.51,Recommended glass type
TAFD30,HOYA20260126,1.883,40.81,5.42,Recommended glass type
TAFD32,HOYA20260126,1.8707,40.73,4.84,Recommended glass type
TAFD33,HOYA20260126,1.881,40.14,5.4,Recommended glass type
TAFD34,HOYA20260126,1.85033,42.7,4.94,Recommended glass type
TAFD35L,HOYA20260126,1.91082,35.25,4.85,Recommended glass type
TAFD35,HOYA20260126,1.91082,35.25,4.97,General glass Type
TAFD37A,HOYA20260126,1.90043,37.37,4.9,Recommended glass type
TAFD37,HOYA20260126,1.90043,37.37,5.19,Not in a position to accept new order because of discontinuation.
TAFD40-W,HOYA20260126,2.00069,25.46,4.73,Recommended glass type
TAFD40,HOYA20260126,2.00069,25.46,4.73,General glass type
TAFD45L,HOYA20260126,1.95375,32.32,4.96,Recommended glass type
TAFD45,HOYA20260126,1.95375,32.32,5.1,General glass type
TAFD55-W,HOYA20260126,2.001,29.13,5.12,Recommended glass type
TAFD55,HOYA20260126,2.001,29.13,5.12,General glass type
TAFD65,HOYA20260126,2.0509,26.94,5.27,Recommended glass type
TAFD75-W,HOYA20260126,2.102,23.39,5.07,Recommended glass type
FCD10,HOYA20260126,1.4565,90.27,3.6,Not in a position to accept new order because of discontinuation.
FCD505,HOYA20260126,1.59282,68.62,4.2,Not in a position to accept new order because of discontinuation.
LBC3N,HOYA20260126,1.60625,63.72,3.84,Not in a position to accept new order because of discontinuation.
BACD2,HOYA20260126,1.60738,56.72,3.53,Not in a position to accept new order because of discontinuation.
BACD4,HOYA20260126,1.61272,58.58,3.58,Not in a position to accept new order because of discontinuation.
BACD11,HOYA20260126,1.56384,60.83,3.07,Not in a position to accept new order because of discontinuation.
LAC7,HOYA20260126,1.6516,58.4,3.62,Not in a position to accept new order because of discontinuation.
LAC9,HOYA20260126,1.691,54.7,3.65,Not in a position to accept new order because of discontinuation.
LAC10,HOYA20260126,1.72,50.35,3.87,Not in a position to accept new order because of discontinuation.
LAC12,HOYA20260126,1.6779,55.52,3.8,Not in a position to accept new order because of discontinuation.
LAC13,HOYA20260126,1.6935,53.34,3.56,Not in a position to accept new order because of discontinuation.
LACL60,HOYA20260126,1.64,60.2,3.02,Not in a position to accept new order because of discontinuation.
E-FEL6,HOYA20260126,1.53172,48.84,2.51,Not in a position to accept new order because of discontinuation.
E-F1,HOYA20260126,1.62588,35.74,2.7,Not in a position to accept new order because of discontinuation.
E-F3,HOYA20260126,1.61293,36.96,2.64,Not in a position to accept new order because of discontinuation.
E-F8,HOYA20260126,1.59551,39.22,2.62,Not in a position to accept new order because of discontinuation.
E-FD7,HOYA20260126,1.6398,34.57,2.75,Not in a position to accept new order because of discontinuation.
TAC2,HOYA20260126,1.741,52.61,4.19,Not in a position to accept new order because of discontinuation.
TAC4,HOYA20260126,1.734,51.05,4.06,Not in a position to accept new order because of discontinuation.
BAF10,HOYA20260126,1.67003,47.2,3.61,Not in a position to accept new order because of discontinuation.
BAF11,HOYA20260126,1.66672,48.3,3.63,Not in a position to accept new order because of discontinuation.
E-ADF10,HOYA20260126,1.6131,44.36,3.04,Not in a position to accept new order because of discontinuation.
E-ADF50,HOYA20260126,1.65412,39.62,3.38,Not in a position to accept new order because of discontinuation.
E-BACD10,HOYA20260126,1.6228,56.91,3.66,Not in a position to accept new order because of discontinuation.
E-BACED20,HOYA20260126,1.6485,53.03,3.68,Not in a position to accept new order because of discontinuation.
E-BAF8,HOYA20260126,1.62374,47.05,3.32,Not in a position to accept new order because of discontinuation.
E-LAF7,HOYA20260126,1.7495,35.04,3.72,Not in a position to accept new order because of discontinuation.
NBFD12,HOYA20260126,1.7995,42.34,4.45,Not in a position to accept new order because of discontinuation.
TAF2,HOYA20260126,1.7945,45.39,4.35,Not in a position to accept new order because of discontinuation.
TAF4,HOYA20260126,1.788,47.49,4.54,Not in a position to accept new order because of discontinuation.
TAF5,HOYA20260126,1.816,46.57,5.06,Not in a position to accept new order because of discontinuation.
M-FCD1,HOYA20260126,1.4971,81.56,3.64,Glass for molded optics lens
MP-FCD1-M20,HOYA20260126,1.4969,81.51,3.64,Preforms for Precision molding
MC-FCD1-M20,HOYA20260126,1.4969,81.51,3.64,Preforms for Precision molding
M-FCD500,HOYA20260126,1.55332,71.69,3.66,Glass for molded optics lens
MP-FCD500-20,HOYA20260126,1.55352,71.72,3.66,Preforms for Precision molding
MC-FCD500-20,HOYA20260126,1.55352,71.72,3.66,Preforms for Precision molding
MC-FAD61,HOYA20260126,1.65494,61.04,4.68,Preforms for Precision molding
M-PCD4,HOYA20260126,1.61881,63.85,3.57,Glass for molded optics lens
MP-PCD4-40,HOYA20260126,1.61921,63.85,3.57,Preforms for Precision molding
MC-PCD4-40,HOYA20260126,1.61921,63.85,3.57,Preforms for Precision molding
M-PCD51,HOYA20260126,1.59201,67.02,3.14,Glass for molded optics lens
MP-PCD51-70,HOYA20260126,1.59271,66.97,3.14,Preforms for Precision molding
MC-PCD51-70,HOYA20260126,1.59271,66.97,3.14,Preforms for Precision molding
M-PCD55AR,HOYA20260126,1.63858,55.18,3.57,Glass for molded optics lens
MP-PCD55AR,HOYA20260126,1.63858,55.18,3.57,Preforms for Precision molding
M-BACD5N,HOYA20260126,1.58913,61.25,2.82,Glass for molded optics lens
MP-BACD5N,HOYA20260126,1.58913,61.25,2.82,Preforms for Precision molding
MC-BACD5N,HOYA20260126,1.58913,61.25,2.82,Preforms for Precision molding
M-BACD12,HOYA20260126,1.58313,59.46,3.01,Glass for molded optics lens
MP-BACD12,HOYA20260126,1.58313,59.46,3.01,Preforms for Precision molding
MC-BACD12,HOYA20260126,1.58313,59.46,3.01,Preforms for Precision molding
M-BACD15,HOYA20260126,1.62263,58.17,3.02,Glass for molded optics lens
MP-BACD15,HOYA20260126,1.62263,58.17,3.02,Preforms for Precision molding
M-LAC130,HOYA20260126,1.6935,53.2,3.52,Glass for molded optics lens
MP-LAC130,HOYA20260126,1.6935,53.2,3.52,Preforms for Precision molding
MC-LAC130,HOYA20260126,1.6935,53.2,3.52,Preforms for Precision molding
M-LAC14,HOYA20260126,1.6968,55.46,3.7,Glass for molded optics lens
MP-LAC14-80,HOYA20260126,1.6976,55.51,3.7,Preforms for Precision molding
M-TAC60,HOYA20260126,1.75501,51.16,4.41,Not in a position to accept new order because of discontinuation.
MP-TAC60-90,HOYA20260126,1.75591,51.18,4.41,Not in a position to accept new order because of discontinuation.
M-TAC80,HOYA20260126,1.72903,54.04,4.28,Glass for molded optics lens
MP-TAC80-60,HOYA20260126,1.72963,54.07,4.28,Preforms for Precision molding
M-FD80,HOYA20260126,1.68893,31.16,3.26,Glass for molded optics lens
MP-FD80,HOYA20260126,1.68893,31.16,3.26,Preforms for Precision molding
MC-FD80,HOYA20260126,1.68893,31.16,3.26,Preforms for Precision molding
M-FDS2,HOYA20260126,2.00178,19.32,5.09,Glass for molded optics lens
MP-FDS2,HOYA20260126,2.00178,19.32,5.09,Preforms for Precision molding
MC-FDS2,HOYA20260126,2.00178,19.32,5.09,Preforms for Precision molding
M-FDS910,HOYA20260126,1.82115,24.06,3.69,Glass for molded optics lens
MP-FDS910-50,HOYA20260126,1.82165,24.04,3.69,Preforms for Precision molding
MC-FDS910-50,HOYA20260126,1.82165,24.04,3.69,Preforms for Precision molding
M-NBFD10,HOYA20260126,1.83441,37.29,4.39,Glass for molded optics lens
MP-NBFD10-20,HOYA20260126,1.83461,37.29,4.39,Preforms for Precision molding
M-NBFD130,HOYA20260126,1.8061,40.73,4.56,Glass for molded optics lens
MP-NBFD130,HOYA20260126,1.8061,40.73,4.56,Preforms for Precision molding
MC-NBFD130,HOYA20260126,1.8061,40.73,4.56,Preforms for Precision molding
MC-NBFD130L,HOYA20260126,1.8061,40.73,4.46,Preforms for Precision molding
MC-NBFD135,HOYA20260126,1.80834,40.92,4.67,Not in a position to accept new order because of discontinuation.
M-TAF31,HOYA20260126,1.80139,45.45,4.84,Glass for molded optics lens
MP-TAF31-15,HOYA20260126,1.80154,45.47,4.84,Preforms for Precision molding
MC-TAF31-15,HOYA20260126,1.80154,45.47,4.84,Preforms for Precision molding
M-TAF101,HOYA20260126,1.76802,49.24,4.56,Glass for molded optics lens
MP-TAF101-100,HOYA20260126,1.76902,49.29,4.56,Preforms for Precision molding
MC-TAF101-100,HOYA20260126,1.76902,49.29,4.56,Preforms for Precision molding
M-TAF105,HOYA20260126,1.7725,49.5,4.62,Glass for molded optics lens
MP-TAF105,HOYA20260126,1.7725,49.5,4.62,Preforms for Precision molding
MC-TAF105,HOYA20260126,1.7725,49.5,4.62,Preforms for Precision molding
MC-TAF115,HOYA20260126,1.777047,49.46,4.28,Preforms for Precision molding
M-TAF401,HOYA20260126,1.77377,47.17,4.62,Glass for molded optics lens
MP-TAF401,HOYA20260126,1.77377,47.17,4.62,Preforms for Precision molding
MC-TAF401,HOYA20260126,1.77377,47.17,4.62,Preforms for Precision molding
M-TAFD51,HOYA20260126,1.8208,42.71,5.01,Glass for molded optics lens
MP-TAFD51-50,HOYA20260126,1.8213,42.72,5.01,Preforms for Precision molding
MC-TAFD51-50,HOYA20260126,1.8213,42.72,5.01,Preforms for Precision molding
M-TAFD305,HOYA20260126,1.85135,40.1,5.25,Glass for molded optics lens
MP-TAFD305,HOYA20260126,1.85135,40.1,5.25,Preforms for Precision molding
MC-TAFD305,HOYA20260126,1.85135,40.1,5.25,Preforms for Precision molding
M-TAFD315,HOYA20260126,1.85135,40.07,5.13,Glass for molded optics lens
MC-TAFD315,HOYA20260126,1.85135,40.07,5.13,Preforms for Precision molding
M-TAFD307,HOYA20260126,1.88202,37.22,5.49,Glass for molded optics lens
MP-TAFD307,HOYA20260126,1.88202,37.22,5.49,Preforms for Precision molding
MC-TAFD307,HOYA20260126,1.88202,37.22,5.49,Preforms for Precision molding
MC-TAFD317,HOYA20260126,1.8812,37.17,5.34,Preforms for Precision molding
M-TAFD405,HOYA20260126,1.9515,29.83,5.45,Not in a position to accept new order because of discontinuation.
MP-TAFD405,HOYA20260126,1.9515,29.83,5.45,Not in a position to accept new order because of discontinuation.
M-LAC8,HOYA20260126,1.713,53.94,3.9,Not in a position to accept new order because of discontinuation.
MP-LAC8-30,HOYA20260126,1.7133,53.95,3.9,Not in a position to accept new order because of discontinuation.
M-FDS1,HOYA20260126,1.92286,20.88,4.42,Not in a position to accept new order because of discontinuation.
MP-FDS1,HOYA20260126,1.92286,20.88,4.42,Not in a position to accept new order because of discontinuation.
M-LAF81,HOYA20260126,1.73077,40.5,3.22,Not in a position to accept new order because of discontinuation.
MP-LAF81,HOYA20260126,1.73077,40.5,3.22,Not in a position to accept new order because of discontinuation.
M-NBF1,HOYA20260126,1.7433,49.33,4.25,Not in a position to accept new order because of discontinuation.
MP-NBF1,HOYA20260126,1.7433,49.33,4.25,Not in a position to accept new order because of discontinuation.
MC-NBF1,HOYA20260126,1.7433,49.33,4.25,Not in a position to accept new order because of discontinuation.
M-TAF1,HOYA20260126,1.7725,49.46,4.83,Not in a position to accept new order because of discontinuation.
MC-TAF1,HOYA20260126,1.7725,49.46,4.83,Not in a position to accept new order because of discontinuation.
OKP4HTL,PLASTIC202605,1.632809,23.335639,1.0,
OKP1,PLASTIC202605,1.642199,22.408848,1.0,
EP3500,PLASTIC202605,1.57309,37.665527,1.0,
EP4500,PLASTIC202605,1.616094,25.794582,1.0,
EP5000,PLASTIC202605,1.636164,23.916758,1.0,
EP6000,PLASTIC202605,1.639746,23.503337,1.0,
EP7000,PLASTIC202605,1.65079,21.544648,1.0,
EP8000,PLASTIC202605,1.661316,20.381513,1.0,
EP9000,PLASTIC202605,1.671385,19.275802,1.0,
OKP4,PLASTIC202605,1.607283,26.645105,1.0,
OKP4HT,PLASTIC202605,1.631911,23.415194,1.0,
SP5590,PLASTIC202605,1.587985,28.433057,1.0,
330R,PLASTIC202605,1.509398,56.474468,0.95,
480R,PLASTIC202605,1.52512,56.281563,1.01,
T62R,PLASTIC202605,1.536497,55.980688,1.03,
F52R,PLASTIC202605,1.534611,56.072141,1.02,
E48R,PLASTIC202605,1.531131,55.753857,1.01,
K26R,PLASTIC202605,1.535037,55.7107,1.01,
APL5014GH,PLASTIC202605,1.544919,55.929938,1.04,
APL5014,PLASTIC202605,1.544502,55.991882,1.04,
APL5014CL,PLASTIC202605,1.544502,55.986991,1.0489,
APL5514ML,PLASTIC202605,1.544919,55.929938,1.04,
APL5013VH,PLASTIC202605,1.5439,56.0,1.0356,
APL5015AL,PLASTIC202605,1.54452,56.0,1.0502,
